Material Name,Fit Type,Low Temp,High Temp,Perc Err,erf param,a,b,c,A,B,C,d,e,f,g,h,i
raw_fit_lo,Nppoly,3.030,96.800,2.256,9.98910e-02,2.82456e-02,-6.33191e-04,3.63199e-06,0.00e+00,0.00e+00,0.00e+00,0.00e+00,0.00e+00,0.00e+00,0.00e+00,0.00e+00,0.00e+00
raw_fit_hi,polylog,298.000,1070.000,2.167,1.09377e+01,0.00e+00,0.00e+00,0.00e+00,-1.26435e+01,5.28094e+00,-6.94991e-01,0.00e+00,0.00e+00,0.00e+00,0.00e+00,0.00e+00,0.00e+00
other_fit,TchebyLnT,0.100,300.000,??,0.00e+00,6.00000e+00,-2.31000e+00,5.71000e+00,0.00e+00,0.00e+00,0.00e+00,-4.21155e-01,4.51269e+00,-6.81198e-01,-4.50256e-01,1.00420e-01,6.45863e-02
