Fit_Name,fit_type,Tlow,Thigh,a,b,c,d,e,f,g,h,i
Constantan_data,loglog,0.088,1070.0,-2.1961952459997666e-08,1.76003013450504e-05,-0.004718976586376164,0.5092008809715666,-5.062411991251995,43.733146666248885,-125.43868930361305,121.17492209518619,411.0859783772805
Constantan_ExcelNIST5a,TchebyLnT,0.1,300.0,6.0,-2.31,5.71,-0.421155,4.51269,-0.681198,-0.450256,0.10042,0.0645863
