Fit Type,Low Temp,High Temp,a,b,c,d,A,erf param
3 order k/T,1.488,4.015,-1.68055e-01,1.51519e+00,-5.60584e+00,1.54877e+01,0,0
3 order loglog,1.000,1.000,0.00000e+00,0,0,0,0,0
loglog,1.488,0.000,-1.68055e-01,1.51519e+00,-5.60584e+00,1.54877e+01,0.00000e+00,0.00000e+00
