Crowley,tube_Tlow_0.5K,2022
T,k,koT
0.51126,4.203874,8.222575597543324
0.51332,4.047399,7.884748305150784
0.51632,3.890905,7.535840176634645
0.539,3.529166,6.547617810760667
0.57311,3.9109499999999997,6.824082636841094
0.61801,4.159573,6.730591737997767
0.66779,4.823721000000001,7.223410054058912
0.72463,5.163356,7.12550681037219
0.78471,5.77306,7.3569344088899085
0.84692,6.433142,7.595926415718131
0.9127,6.895249,7.554781417771448
0.97466,8.181566,8.394276978638706
