Fit Type,Low Temp,High Temp,a,b,c,d,A,B,C,D,erf param
3 order k/T,0.393,293.131,2.82546e-08,-1.32457e-05,1.45849e-03,6.73329e-02,0.00000e+00,0.00000e+00,0.00000e+00,0.00000e+00,0.00000e+00
3 order loglog,351.546,1623.194,1.39397e-01,-1.10551e+00,3.39910e+00,-2.59064e+00,0.00000e+00,0.00000e+00,0.00000e+00,0.00000e+00,0.00000e+00
loglog,0.393,1623.194,2.82546e-08,-1.32457e-05,1.45849e-03,6.73329e-02,1.39397e-01,-1.10551e+00,3.39910e+00,-2.59064e+00,3.00000e+02
