Fit Type,Low Temp,High Temp,a,b,c,d,e,f,A,erf param
5 order k/T,0.393,1623.194,1.44362e-15,-5.72170e-12,7.76581e-09,-4.07512e-06,5.74686e-04,7.33701e-02,0.00000e+00,0.00000e+00
5 order loglog,1.000,1.000,0.00000e+00,0.00000e+00,0.00000e+00,0.00000e+00,0.00000e+00,0.00000e+00,0.00000e+00,0.00000e+00
loglog,0.393,1623.194,1.44362e-15,-5.72170e-12,7.76581e-09,-4.07512e-06,5.74686e-04,7.33701e-02,0.00000e+00,0.00000e+00
