Fit_Name,fit_type,Tlow,Thigh,a,b,c,d,e
Macor_data,polylog,0.337294102,3.21338073,-6.681816685055839,1.9692028507139947,0.5898589165454565,2.261884082992849,-2.409324776228448
