Fit_Name,fit_type,Tlow,Thigh,a,b,c,d,e,f,g,h,i
Macor_data,loglog,0.337294102,3.21338073,0.013372380243045823,-0.02410222778714199,0.01936125284412109,-0.003920189426320061,630.3410251300801,-673.5599477119453,226.7152761641744,-25.238819097128076,1.2459705532244585
