Material Name,Fit Type,Low Temp,High Temp,Perc Err,a,b,c,d,e,f,g,h,i
Polyurethane_1.99_lbft3_Freon_NIST_fit,polylog,76.000,300.000,2.0,-3.21868e+03,9.20161e+03,-1.09567e+04,6.95010e+03,-2.47694e+03,4.70284e+02,-3.71669e+01,0.00e+00,0.00e+00
Polyurethane_2.0_lbft3_CO2_NIST_fit,polylog,100.000,300.000,1.0,3.78843e+03,-7.64266e+03,4.59245e+03,7.78842e+02,-2.21443e+03,1.09029e+03,-2.35635e+02,1.96609e+01,0.00e+00
Polyurethane_3.06_lbft3_He_NIST_fit,polylog,30.000,300.000,1.0,-3.38980e+01,1.17810e+02,-1.78376e+02,1.42038e+02,-6.30340e+01,1.49580e+01,-1.54680e+00,2.06250e-02,0.00e+00
Polyurethane_4.00_lbft3_Freon_NIST_fit,polylog,88.000,300.000,2.0,7.89790e+02,-2.34794e+03,3.02461e+03,-2.20676e+03,9.89238e+02,-2.73180e+02,4.30650e+01,-2.98630e+00,0.00e+00
