Fit_Name,fit_type,Tlow,Thigh,a,b,c,d,e,f,g,h,i
Graphite_POCOAXM5Q_data,loglog,0.063,3.25,5.623277594744779e-05,0.0003669168654699685,-0.0001437799566346223,0.0008388825497388379,-0.164725791658185,1.5392504889038892,1.3536181716616973,-2.9439054937171956,1.3685341139288822
