Fit_Name,fit_type,Tlow,Thigh,a,b,c,d,e,f,g,h,i
Aluminum_6061T6_NIST,polylog,4.0,300.0,0.0,-0.00571,0.04179,-0.09464,0.02803,0.08084,-0.07277,1.0957,0.07918
Aluminum_1100_NIST,polylog,4.0,300.0,1.77019,-22.2781,118.428,-346.152,607.04,-653.666,422.192,-148.573,23.3917
