Material Name,Fit Type,Low Temp,High Temp,a,b,c,d,e,f,A,B,C,D,E,F,erf param
SS304,loglog,0.385,1672.000,-0.00000,0.00000,-0.00001,0.00008,0.00212,0.07044,-0.07020,0.73986,-2.83517,4.57616,-1.85435,-0.53838,60.00000
SS305,loglog,0.385,871.000,-0.00000,0.00000,-0.00000,-0.00001,0.00344,0.07205,-0.79439,9.19635,-42.09467,95.16635,-105.76245,46.86314,60.00000
