Material Name,Fit Type,Low Temp,High Temp,a,b,c,d,A,B,C,D,erf param
SS304,loglog,0.385,1672.000,3.39043e-07,-6.26641e-05,3.29994e-03,6.86735e-02,1.06641e-01,-7.60994e-01,2.21280e+00,-1.26752e+00,7.22222e+01
