Material Name,Fit Type,Low Temp,High Temp,a,b,c,d,e,f,A,B,C,D,E,F,erf param
SS304,loglog,0.385,1672.000,-8.89166e-10,1.30816e-07,-6.44627e-06,8.40902e-05,2.12040e-03,7.04377e-02,-7.01951e-02,7.39860e-01,-2.83517e+00,4.57616e+00,-1.85435e+00,-5.38380e-01,6.00000e+01
SS305,loglog,0.385,871.000,-9.13371e-10,1.20145e-07,-4.59566e-06,-5.81174e-06,3.44124e-03,7.20533e-02,-7.94389e-01,9.19635e+00,-4.20947e+01,9.51663e+01,-1.05762e+02,4.68631e+01,6.00000e+01
