Material Name,Fit Type,Low Temp,High Temp,a,b,c,d,A,B,C,D,erf param
SS304,loglog,0.385,1672.000,-0.00002,0.00036,0.00049,0.07217,0.21898,-1.62951,4.42078,-3.11248,20.00000
SS305,loglog,0.385,871.000,-0.00000,0.00005,0.00288,0.07264,0.25458,-1.85597,4.88590,-3.41924,20.00000
