Material Name,Fit Type,Low Temp,High Temp,a,b,c,d,A,B,C,D,erf param
SS304,loglog,0.385,1672.000,2.23367e-07,-5.04296e-05,3.01386e-03,6.96502e-02,3.42081e-02,-1.71132e-01,6.23536e-01,1.49213e-01,1.14524e+02
SS305,loglog,0.385,871.000,5.52202e-07,-8.40208e-05,3.72231e-03,7.21787e-02,1.54856e-01,-1.11082e+00,3.04904e+00,-1.92557e+00,7.17863e+01
