Material Name,Fit Type,Low Temp,High Temp,a,b,c,d,A,B,C,D,erf param
Clearwater,loglog,0.134,4.842,-1.02320e+03,1.58223e+02,3.11190e+01,-9.47016e-01,-2.06459e-01,-3.10332e-01,1.24915e+00,8.97116e-01,1.72469e-01
DPP,loglog,0.698,4.020,-7.71094e-01,3.05291e+00,-2.13845e+00,3.96553e+00,-4.27006e+00,4.78050e+00,-1.05410e+00,1.06338e+00,2.08477e+00
Graphlite,loglog,1.488,4.015,-2.97602e+00,1.95375e+01,-4.31616e+01,4.08616e+01,-1.51684e+00,7.13071e-01,1.08336e+00,8.41705e-01,2.89003e+00
SS304,loglog,0.385,1672.000,5.22710e-07,-8.34473e-05,3.82769e-03,6.96541e-02,6.61959e-02,-4.45866e-01,1.41378e+00,-6.13319e-01,7.83658e+01
