Material Name,Fit Type,Low Temp,High Temp,a,b,c,d,A,B,C,D,erf param
SS304,loglog,0.385,1672.000,6.04612e-07,-9.20930e-05,4.02471e-03,7.03655e-02,9.40681e-02,-6.39676e-01,1.86415e+00,-9.66337e-01,7.22222e+01
