Fit_Name,fit_type,Tlow,Thigh,a,b,c,d,e,f,g,h,i
Brass_NIST,polylog,5.0,116.0,0.0,-0.0038151,0.174057,-1.12933,3.20536,-5.03374,4.54083,-1.01835,0.021035
Brass_data,powerlaw,53.5,972.0,205.78583804989208,-0.07361202810720328,,,,,,,
