Fit_Name,fit_type,Tlow,Thigh,a,b,c,d,e,f,g,h,i
Brass_data,loglog,53.5,972.0,2.0868860665555068e-08,-2.2276030968777518e-05,0.003694236363162792,1.4897987351733353,-73.79289956451458,384.8966704093826,-332.02594677888715,-473.53542615953825,698.6337880384531
Brass_NIST,polylog,5.0,116.0,0.0,-0.0038151,0.174057,-1.12933,3.20536,-5.03374,4.54083,-1.01835,0.021035
