Fit Type,Low Temp,High Temp,a,b,c,d,A,B,C,D,erf param
3 order k/T,0.057,81.900,2.00856e-06,-2.65948e-04,8.83421e-03,2.11774e-02,0.00000e+00,0.00000e+00,0.00000e+00,0.00000e+00,0.00000e+00
3 order loglog,205.550,1173.150,4.64694e-01,-3.19627e+00,7.71656e+00,-5.71575e+00,0.00000e+00,0.00000e+00,0.00000e+00,0.00000e+00,0.00000e+00
loglog,0.057,1173.150,2.00856e-06,-2.65948e-04,8.83421e-03,2.11774e-02,4.64694e-01,-3.19627e+00,7.71656e+00,-5.71575e+00,8.20600e+01
