Fit_Name,fit_type,Tlow,Thigh,a,b,c,d,e,f,g,h,i
Silicon_data,loglog,50.0,296.0,-0.0014606234137940321,0.333375160076818,-25.917446493393147,703.9078969352987,24.910737257159617,-154.40427439926214,309.90747373716175,-196.60139895394627,122.55529608888392
