Fit_Name,fit_type,Tlow,Thigh,a,b,c,d,e,f,g,h,i
SPAM_data,loglog,0.0575,1.75,-0.008577758976427874,0.012066845781580854,0.003398447239466371,9.083470097191832e-05,-151.9461637123952,8.585125736687486,-4.699305482304121,-0.7254801931503841,1.356631051068587
