Material Name,Fit Type,Low Temp,High Temp,Perc Err,erf param,a,b,c,d,A,B,C,D,e,f,g,h,i,a1,a2,a3,a4,a5,a6,a7,a8,a9,a10,a11,a12
raw_fit,comppoly,0.428,1357.600,73.615,97.369,1.73611e+03,-6.15285e+01,4.63177e-01,2.75382e-04,4.82355e+00,-2.57215e+00,1.01811e+00,-1.37838e-01,0.00e+00,0.00e+00,0.00e+00,0.00e+00,0.00e+00,0.00e+00,0.00e+00,0.00e+00,0.00e+00,0.00e+00,0.00e+00,0.00e+00,0.00e+00,0.00e+00,0.00e+00,0.00e+00,0.00e+00
NIST_fit,OFHC_RRR_Wc,0.2,1250,??,0.00e+00,0.631,1.754e-08,2.763,1102,0.00e+00,0.00e+00,0.00e+00,0.00e+00,-0.165,70,1.765,0.2351,0.1661,-0.00012,420,470,0.7,-0.00016,73,87,0.45,-0.000010,18,21,0.5
