Fit_Name,fit_type,Tlow,Thigh,a,b,c,d,e
Phosphorbronze_ExcelNIST5a,polylog,1.0,80.0,-0.656571,1.41239,0.155107,-0.286123,0.0593604
Phosphorbronze_data,polylog,3.22,448.0,-0.12957229686508548,0.8619378148470477,-2.184846740307016,3.3585172736728532,-1.2449013267548632
