Fit Type,Low Temp,High Temp,Perc Err,a,b,c,d,e,f,g,h,i
NIST-1,2.000,80.000,2.0,-5.00150e-01,1.93190e+00,-1.69540e+00,7.12180e-01,1.27880e+00,-1.61450e+00,6.87220e-01,-1.05010e-01,0.00000e+00
