Fit_Name,fit_type,Tlow,Thigh,a,b,c,d,e,f,g,h,i
VESPEL_data,loglog,0.0703,3.032,-0.005027894677703779,0.004313385916851126,0.0018239441224720786,-3.219574527485538e-05,-48.993734561454495,58.393418182021385,-21.522425293712434,0.18243184835922363,1.4449327622295676
