Fit_Name,fit_type,Tlow,Thigh,a,b,c,d,e,f,g,h,i
CFRP_Clearwater_data,loglog,0.1335,4.842,-0.003977642596771713,0.007606202173049559,-0.0010066635943541931,0.005321228906970881,-80.43364873975398,162.25380382267622,-111.61326239749971,24.706789413179855,3.273163580713452
