Fit Type,Low Temp,High Temp,a,b,c,d,A,B,C,D,erf param
3 order k/T,0.045,50.167,2.28429e-06,-2.24513e-04,6.91304e-03,4.78351e-02,0.00000e+00,0.00000e+00,0.00000e+00,0.00000e+00,0.00000e+00
3 order loglog,137.777,1670.150,1.09896e-01,-7.26205e-01,1.97904e+00,-9.78724e-01,0.00000e+00,0.00000e+00,0.00000e+00,0.00000e+00,0.00000e+00
loglog,0.045,1670.150,2.28429e-06,-2.24513e-04,6.91304e-03,4.78351e-02,1.09896e-01,-7.26205e-01,1.97904e+00,-9.78724e-01,5.70525e+01
