Fit Type,Low Temp,High Temp,a,b,c,d,e,f,A,B,C,D,E,F,erf param
5 order k/T,0.385,59.747,-8.89166e-10,1.30816e-07,-6.44627e-06,8.40902e-05,2.12040e-03,7.04377e-02,0,0,0,0,0,0,0
5 order loglog,69.609,1672.000,-7.01951e-02,7.39860e-01,-2.83517e+00,4.57616e+00,-1.85435e+00,-5.38380e-01,0,0,0,0,0,0,0
loglog,0.385,1672.000,-8.89166e-10,1.30816e-07,-6.44627e-06,8.40902e-05,2.12040e-03,7.04377e-02,-7.01951e-02,7.39860e-01,-2.83517e+00,4.57616e+00,-1.85435e+00,-5.38380e-01,6.00000e+01
