Fit Type,Low Temp,High Temp,a,b,c,d,A,B,C,D,erf param
<<<<<<< Updated upstream
3 order k/T,0.385,69.960,3.39043e-07,-6.26641e-05,3.29994e-03,6.86735e-02,0,0,0,0,0
3 order loglog,80.400,1672.000,1.06641e-01,-7.60994e-01,2.21280e+00,-1.26752e+00,0,0,0,0,0
loglog,0.385,1672.000,3.39043e-07,-6.26641e-05,3.29994e-03,6.86735e-02,1.06641e-01,-7.60994e-01,2.21280e+00,-1.26752e+00,7.22222e+01
=======
3 order k/T,0.385,114.450,2.62777e-07,-5.66121e-05,3.18243e-03,7.23284e-02,0,0,0,0,0
3 order loglog,125.060,1672.000,1.89218e-02,-6.23579e-02,3.84351e-01,3.01199e-01,0,0,0,0,0
loglog,0.385,3.223,2.62777e-07,-5.66121e-05,3.18243e-03,7.23284e-02,1.89218e-02,-6.23579e-02,3.84351e-01,3.01199e-01,1.19786e+02
>>>>>>> Stashed changes
