Fit Type,Low Temp,High Temp,a,b,c,d,A,B,C,D,erf param
3 order k/T,0.385,19.830,-0.00002,0.00036,0.00049,0.07217,0,0,0,0,0
3 order loglog,20.117,1672.000,0.21898,-1.62951,4.42078,-3.11248,0,0,0,0,0
loglog,0.385,1672.000,-0.00002,0.00036,0.00049,0.07217,0.21898,-1.62951,4.42078,-3.11248,20.00000
