Fit Type,Low Temp,High Temp,a,b,c,d,A,B,C,D,erf param
3 order k/T,0.385,114.450,2.62777e-07,-5.66121e-05,3.18243e-03,7.23284e-02,0,0,0,0,0
3 order loglog,125.060,1672.000,1.89218e-02,-6.23579e-02,3.84351e-01,3.01199e-01,0,0,0,0,0
loglog,0.385,3.223,2.62777e-07,-5.66121e-05,3.18243e-03,7.23284e-02,1.89218e-02,-6.23579e-02,3.84351e-01,3.01199e-01,1.19786e+02
