Fit Type,Low Temp,High Temp,a,b,c,d,A,B,C,D,erf param
3 order k/T,0.385,69.960,5.22710e-07,-8.34473e-05,3.82769e-03,6.96541e-02,0,0,0,0,0
3 order loglog,80.400,1672.000,6.61959e-02,-4.45866e-01,1.41378e+00,-6.13319e-01,0,0,0,0,0
loglog,0.385,1672.000,5.22710e-07,-8.34473e-05,3.82769e-03,6.96541e-02,6.61959e-02,-4.45866e-01,1.41378e+00,-6.13319e-01,7.83658e+01
