Fit Type,Low Temp,High Temp,a,b,c,d,A,B,C,D,erf param
3 order k/T,0.385,69.960,5.52202e-07,-8.40208e-05,3.72231e-03,7.21787e-02,0,0,0,0,0
3 order loglog,80.400,871.000,1.54856e-01,-1.11082e+00,3.04904e+00,-1.92557e+00,0,0,0,0,0
loglog,0.385,871.000,5.52202e-07,-8.40208e-05,3.72231e-03,7.21787e-02,1.54856e-01,-1.11082e+00,3.04904e+00,-1.92557e+00,7.39305e+01
