Fit Type,Low Temp,High Temp,a,b,c,d,erf param
3 order k/T,0.304,2.971,1.09025e-03,-7.63211e-03,1.94298e-02,-2.55459e-03,0.00000e+00
3 order loglog,1.000,1.000,0.00000e+00,0.00000e+00,0.00000e+00,0.00000e+00,0.00000e+00
loglog,0.304,2.971,1.09025e-03,-7.63211e-03,1.94298e-02,-2.55459e-03,0.00000e+00
