Fit_Name,fit_type,Tlow,Thigh,a,b,c,d,e,f,g,h,i
CFRP_DPP_data,loglog,0.6975,4.02,-0.00022504392786670206,0.0008573638061501829,0.0006932726570359452,0.0028147381855964087,19.477496668277148,-32.23107034902367,18.04943184966267,-5.203907781489881,2.3480187654035407
