Fit_Name,fit_type,Tlow,Thigh,a,b,c,d,e
CFRP_DPP_data,Chebyshev,0.6975,4.02,-5.08675960694151,0.6277751380853386,0.47380354466823055,-0.2934020291320275,0.046246395257530444
