Fit Type,Low Temp,High Temp,Perc Err,a,b,c,d,e,f,g,h,i
NIST-1,4.000,300.000,2.0,6.37360e-01,-1.14370e+00,7.46240e+00,-1.26905e+01,1.19165e+01,-6.18721e+00,1.63939e+00,-1.72667e-01,0.00000e+00
