Fit_Name,fit_type,Tlow,Thigh,a,b,c,d,e,f,g,h,i
Copper-Nickel_data,loglog,0.112,2.755,0.04341976473590414,-0.09051925857741265,0.06490750178704723,0.045371100727583186,-0.6773210147988707,1.3049456886175124,0.7163209399606801,-1.2006646350973478,1.0661617870265574
