Fit_Name,fit_type,Tlow,Thigh,a,b,c,d,e,f,g,h,i
CFRP_Graphlite_data,loglog,0.308784749,4.015,-0.006322721052970651,0.01491170878615261,-0.006375429673828688,0.006767782429440703,-25.52312916300559,42.18867119086531,-22.54722772204628,2.275878541283946,2.0961381624205897
CFRP_DPP_data,Chebyshev,0.6975,4.02,-5.08675960694151,0.6277751380853386,0.47380354466823055,-0.2934020291320275,0.046246395257530444,,,,
CFRP_data,Chebyshev,0.1335,4.842,-5.002946874028258,1.1600274794500793,-0.08400073598039397,-0.01943825401479613,0.006349374436010242,,,,
CFRP_Clearwater_data,Chebyshev,0.1335,4.842,-4.9010924972631535,1.2376381753869803,-0.06136326108749382,-0.017939191789372706,-0.0005742128014977202,,,,
