Fit_Name,fit_type,Tlow,Thigh,a,b,c,d,e,f,g,h,i
CFRP_Graphlite_data,loglog,0.308784749,4.015,-0.006322721052970651,0.01491170878615261,-0.006375429673828688,0.006767782429440703,-25.52312916300559,42.18867119086531,-22.54722772204628,2.275878541283946,2.0961381624205897
CFRP_DPP_data,loglog,0.10359869166666666,4.02,0.027573011751218013,-0.05793552637797331,0.0380858504702927,-0.0012133264037386354,6.895044067238316,-9.635841074871957,4.801709482596769,-2.6672369532078894,1.2319899006866022
CFRP_data,loglog,0.07635721944444444,4.842,0.013009648294157562,-0.034941711705601265,0.029768300276566167,-0.000605814293174323,27.190633142331578,-39.21564126937688,18.83535229736393,-4.710126662531114,1.6055619323566832
CFRP_Clearwater_data,Chebyshev,0.1335,4.842,-4.9010924972631535,1.2376381753869803,-0.06136326108749382,-0.017939191789372706,-0.0005742128014977202,,,,
