Fit_Name,fit_type,Tlow,Thigh,a,b,c,d,e,f,g,h,i
CFRP_data,loglog,0.1335,4.842,0.0012337607910009307,-0.0054995163514021846,0.00807367201426768,0.0034409368638027094,13.792863838394284,-17.94734505914836,7.83687546394137,-2.8544180375756687,2.3435441226570437
CFRP_Clearwater_data,loglog,0.1335,4.842,-0.003977642596771713,0.007606202173049559,-0.0010066635943541931,0.005321228906970881,-80.43364873975398,162.25380382267622,-111.61326239749971,24.706789413179855,3.273163580713452
CFRP_DPP_data,loglog,0.6975,4.02,-0.00022504392786670206,0.0008573638061501829,0.0006932726570359452,0.0028147381855964087,19.477496668277148,-32.23107034902367,18.04943184966267,-5.203907781489881,2.3480187654035407
CFRP_Graphlite_data,loglog,0.308784749,4.015,-0.006322721052970651,0.01491170878615261,-0.006375429673828688,0.006767782429440703,-25.52312916300559,42.18867119086531,-22.54722772204628,2.275878541283946,2.0961381624205897
