Fit_Name,fit_type,Tlow,Thigh,a,b,c,d,e,f,g,h,i
Manganin_ExcelNIST5a,TchebyLnT,0.1,300.0,5.0,-2.31,5.71,-0.743946,4.43023,-0.391106,-0.369351,0.0905807,
Manganin_data,loglog,0.0103,1180.0,0.41683193646136074,-0.5459008531521881,0.21272687416163005,0.04201391871485445,0.08436824405766677,-0.635463048739945,2.166914823348274,-1.3376144584336012,1.027650350673277
