Fit Type,Low Temp,High Temp,a,b,c,d,A,B,C,D,erf param
3 order k/T,0.393,112.580,2.72011e-07,-5.97515e-05,3.56046e-03,6.04956e-02,0.00000e+00,0.00000e+00,0.00000e+00,0.00000e+00,0.00000e+00
3 order loglog,120.000,1623.194,1.03982e-01,-7.41366e-01,2.17727e+00,-1.24785e+00,0.00000e+00,0.00000e+00,0.00000e+00,0.00000e+00,0.00000e+00
loglog,0.393,1623.194,2.72011e-07,-5.97515e-05,3.56046e-03,6.04956e-02,1.03982e-01,-7.41366e-01,2.17727e+00,-1.24785e+00,1.16307e+02
