Fit_Name,fit_type,Tlow,Thigh,a,b,c,d,e,f,g,h,i
Graphite_AGOT_data,loglog,0.072,4.22,-4.4737358731070296e-05,0.0004666945260041015,0.00037037998136206155,0.0012112831677625357,-55.728686642956916,106.5542904917749,-65.29291647549626,11.364519317469933,3.641637373025912
Graphite_ExcelNIST5a,lowTextrapolate,0.15,1.0,300.0,0.01,1.76,0.0051,,,,,
Graphite_a_ExcelNIST5a,polylog,0.06,4.22,-2.69698,1.57311,0.610351,0.246304,-0.0584836,-0.0937299,-0.0266527,,
Graphite_brad_ExcelNIST5a,lowTextrapolate,0.1,4.99,5.0,0.01,1.2715,0.0075,,,,,
Graphite_p_ExcelNIST5a,polylog,0.06,4.22,-2.69559,1.57652,0.581122,0.208721,0.00357325,,,,
Graphite_data,loglog,0.072,4.22,-0.00033997497523825283,0.0009556254109546782,0.00014059334897986348,0.0012426256029385865,-0.11813460326399744,1.0340015187545744,1.36577638192813,-2.6620409220810166,1.3204435896803435
Graphite_POCOAXM5Q_data,loglog,0.063,3.25,-0.001651881091528021,0.0014730573080390613,-7.107011701211501e-05,0.0007768979865111394,-72.69716798464412,86.20070654150358,-30.890532003134844,1.0679500601011644,1.5291754495247942
