Fit Type,Low Temp,High Temp,a,b,c,A,B,C,erf param
3 order fake1,0.001,3.400,1.00000e+00,3.00000e+00,-4.00000e+00,0.00000e+00,0.00000e+00,0.00000e+00,0.00000e+00
3 order fake1,3.162,1584.893,3.00000e+00,-5.00000e+00,1.30000e+01,0.00000e+00,0.00000e+00,0.00000e+00,0.00000e+00
loglog,0.001,1584.893,1.00000e+00,3.00000e+00,-4.00000e+00,3.00000e+00,-5.00000e+00,1.30000e+01,3.20000e+01
