Fit Type,Low Temp,High Temp,Perc Err,erf param,A,B,C,D
Nppoly,0.115,19.700,0.000,0.00e+00,0.00e+00,0.00e+00,0.00e+00,0.00e+00
polylog,0.115,19.700,52.718,-2.03845e+00,1.68231e+00,-5.59596e-02,2.74147e-02,0.00e+00
polylog,0.115,19.700,52.718,-1.00000e+00,-2.03845e+00,1.68231e+00,-5.59596e-02,2.74147e-02
