Fit Type,Low Temp,High Temp,Perc Err,erf param,a,b,c,d
3 order Nppoly,0.116,9.232,996.255,1.30539e-03,-4.36595e-03,2.44451e-03,-1.57263e-04,0.00e+00
3 order polylog,1.000,1.000,0.000,0.00e+00,0.00e+00,0.00e+00,0.00e+00,0.00e+00
comppoly,0.116,9.232,996.255,0.00e+00,1.30539e-03,-4.36595e-03,2.44451e-03,-1.57263e-04
