Fit_Name,fit_type,Tlow,Thigh,a,b,c,d,e,f,g,h,i
CFRP_Graphlite_data,loglog,0.308784749,4.015,0.030651668574061743,-0.06814148934530324,0.050731870571545476,-0.00487962658873761,4.151474428269381,-5.680079138476008,3.0860806312990565,-2.28145933633588,1.3049147691252523
