Fit_Name,fit_type,Tlow,Thigh,a,b,c,d,e
G10_FR4_data,Nppoly,0.304381212,2.970783932,-0.00042200654854043546,0.003582206221554384,-0.012248255848084052,0.022371941923725484,-0.0030816930740387737
