Fit_Name,fit_type,Tlow,Thigh,a,b,c,d,e
G10_FR4_data,polylog,0.304381212,2.970783932,-3.6518670101230164,0.5649409434963556,0.15865082519728502,1.6460137401940347,-2.012930113448942
