Fit_Name,fit_type,Tlow,Thigh,a,b,c,d,e,f,g,h,i
G10_FR4_data,loglog,0.304381212,2.970783932,0.014188608782015987,-0.03690453279794033,0.03903476611306433,-0.006433998904860372,106.45769341602983,-378.676307942288,255.95343958199783,-48.928868913675835,1.6109728314907126
