Fit_Name,fit_type,Tlow,Thigh,a,b,c,d,e,f,g,h,i
Graphite_AGOT_data,loglog,0.072,4.22,-0.00033997497523825283,0.0009556254109546782,0.00014059334897986348,0.0012426256029385865,-0.11813460326399744,1.0340015187545744,1.36577638192813,-2.6620409220810166,1.3204435896803435
