Fit_Name,fit_type,Tlow,Thigh,a,b,c,d,e,f,g,h,i
Stainless_Steel_304_data,loglog,0.3846,1672.0,-9.729200376379826e-10,1.23116954017754e-06,-0.0005800239607949509,0.1378260455086207,-1.1327819354566442,10.584076193393225,-32.39697813277676,33.92092330489871,525.2360328552695
Stainless_Steel_304_NIST,polylog,4.0,300.0,-0.0199,0.165,-0.4658,0.4256,0.2334,-0.626,0.2543,1.3982,-1.4087
