Fit_Name,fit_type,Tlow,Thigh,a,b,c,d,e,f,g,h,i
Stainless_Steel_data,loglog,0.0454,1672.0,-6.699315277389615e-10,1.0025561627453064e-06,-0.0005364612614581004,0.13535242937171182,-3.4461170623239945,32.43092940866826,-101.05109480207986,105.71128298593861,677.4120385721956
Stainless_Steel_304_data,loglog,0.3846,1672.0,-9.729200376379826e-10,1.23116954017754e-06,-0.0005800239607949509,0.1378260455086207,-1.1327819354566442,10.584076193393225,-32.39697813277676,33.92092330489871,525.2360328552695
Stainless_Steel_310_data,loglog,0.374,1273.15,-6.327084703743471e-10,8.538670375281162e-07,-0.0004251617094015039,0.10977927071525358,0.8796430758936759,-7.366058673721833,21.066400264073796,-19.284773758613632,502.25323935249014
Stainless_Steel_316_data,loglog,0.0454,1670.15,5.123388271750273e-08,-1.842488677284751e-05,0.0014816414314379914,0.0837197830952949,-0.011570262498951241,0.29577553283804203,-0.8731242404376874,1.661379712527454,151.54837217578543
Stainless_Steel_321_data,loglog,0.392950009,1623.193816,-1.1537408958629607e-09,1.4124082404982447e-06,-0.000632972070483878,0.14347815949863943,-4.18852414402241,38.743320324248195,-118.81742545977824,122.26801524339987,584.711148402385
Stainless_Steel_304_NIST,polylog,4.0,300.0,-0.0199,0.165,-0.4658,0.4256,0.2334,-0.626,0.2543,1.3982,-1.4087
Stainless_Steel_304L_NIST,polylog,4.0,300.0,-0.0199,0.165,-0.4658,0.4256,0.2334,-0.626,0.2543,1.3982,-1.4087
Stainless_Steel_310_NIST,polylog,4.0,300.0,0.0,-0.12395,1.2583,-5.1269,10.853,-13.078,9.1059,-2.1967,-0.81907
Stainless_Steel_316_NIST,polylog,4.0,300.0,-0.0199,0.165,-0.4658,0.4256,0.2334,-0.626,0.2543,1.3982,-1.4087
