Fit Type,Low Temp,High Temp,Perc Err,a,b,c,d,e,f,g,h,i
polylog,125.000,300.000,2.0,0.00000e+00,-2.33193e+01,2.55773e+02,-1.02833e+03,1.45999e+03,1.57290e+03,-7.92009e+03,9.69059e+03,-4.12351e+03
