Fit Type,Low Temp,High Temp,a,b,c,d,e,f,A,erf param
5 order k/T,0.298,2.851,1.72254e-03,-1.41066e-02,4.33494e-02,-6.17822e-02,4.00779e-02,-5.94782e-03,0.00000e+00,0.00000e+00
5 order loglog,1.000,1.000,0.00000e+00,0.00000e+00,0.00000e+00,0.00000e+00,0.00000e+00,0.00000e+00,0.00000e+00,0.00000e+00
loglog,0.298,2.851,1.72254e-03,-1.41066e-02,4.33494e-02,-6.17822e-02,4.00779e-02,-5.94782e-03,0.00000e+00,0.00000e+00
