Fit_Name,fit_type,Tlow,Thigh,a,b,c,d,e,f,g,h,i
Ketron_data,loglog,0.300389242,2.851,0.031481219979478205,-0.08734957699017917,0.06310064471055998,-0.01036979747532402,-64.04377567822762,60.30866363453162,-16.922718390712124,-0.8464801477947919,1.1995820307447715
