Fit_Name,fit_type,Tlow,Thigh,a,b,c,d,e,f,g,h,i
Aluminum_1100O_data,loglog,0.09078803871456484,2.1091136631016045,30.702567773556517,0.9401414214783562,1.2143737086406314,-0.382948364913538,10.788065455095134,-4.802612232128976,1.3044818848492894,1.159534120101724,0.6513766571946548
