Fit_Name,fit_type,Tlow,Thigh,a,b,c,d,e,f,g,h,i
Torlon_data,loglog,0.303,2.977,0.012377470609051694,-0.03382003821057539,0.03313802694582706,-0.004408509354477406,-187.9789721334367,161.46206999175982,-36.083481471829174,-0.8020296612572547,1.5970936501659798
