Fit_Name,fit_type,Tlow,Thigh,a,b,c,d,e,f,g,h,i
Ti6Al4V_data,loglog,0.0566,1173.15,-8.298889311002631e-10,9.810797507434618e-07,-0.00041163178814450233,0.08092698013555127,-3.195794445892105,32.50583112988788,-107.49627140902257,117.42566554516743,580.8719144525021
Ti6Al4V_NIST,polylog,23.0,300.0,0.0,55.7966,-763.078,4438.22,-14226.4,27134.8,-30789.1,19240.4,-5107.88
