Fit_Name,fit_type,Tlow,Thigh,a,b,c,d,e,f,g,h,i
Ti6Al4V_NIST,polylog,23.0,300.0,0.0,55.7966,-763.078,4438.22,-14226.4,27134.8,-30789.1,19240.4,-5107.88
Ti6Al4V_data,loglog,0.0566,1173.15,-0.04264733045687074,0.05868089761918108,0.026200954632557782,-0.0006710181403184705,0.1310076440988249,-0.8289746037725881,2.22456962327582,-1.5608008783143563,1.2259045645416584
