Material Name,Fit Type,Low Temp,High Temp,Perc Err,a,b,c,d,e,f,g,h,i
NIST_fit,polylog,3.000,298.000,3.0,-7.33450e+00,8.08550e+01,-2.68441e+02,4.81629e+02,-5.03890e+02,3.14813e+02,-1.15699e+02,2.30957e+01,-1.93362e+00
