Material Name,Fit Type,Low Temp,High Temp,Perc Err,a,b,c,d,e,f,g,h,i,erf param
G10_CR_Normal_NIST_fit,polylog,4.000,300.000,5.0,-4.12360e+00,1.37880e+01,-2.60680e+01,2.62720e+01,-1.46630e+01,4.49540e+00,-6.90500e-01,3.97000e-02,0.00e+00,0.00e+00
G10_CR_Warp_NIST_fit,polylog,4.000,300.000,5.0,-2.64827e+00,8.80228e+00,-2.48998e+01,4.11625e+01,-3.98754e+01,2.31778e+01,-7.95635e+00,1.48806e+00,-1.17010e-01,0.00e+00
G10_FR4_raw_fit,Nppoly,0.304,2.971,4.296,-2.55459e-03,1.94298e-02,-7.63211e-03,1.09025e-03,0.00e+00,0.00e+00,0.00e+00,0.00e+00,0.00e+00,0.000
