Fit_Name,fit_type,Tlow,Thigh,a,b,c,d,e,f,g,h,i
G10_CR_Normal_NIST,polylog,4.0,300.0,0.0,0.0397,-0.6905,4.4954,-14.663,26.272,-26.068,13.788,-4.1236
G10_CR_Warp_NIST,polylog,4.0,300.0,-0.11701,1.48806,-7.95635,23.1778,-39.8754,41.1625,-24.8998,8.80228,-2.64827
G10_parent_data,Nppoly,0.304381212,2.970783932,-0.00042200654854043546,0.003582206221554384,-0.012248255848084052,0.022371941923725484,-0.0030816930740387737,,,,
G10_FR4_data,Nppoly,0.304381212,2.970783932,-0.00042200654854043546,0.003582206221554384,-0.012248255848084052,0.022371941923725484,-0.0030816930740387737,,,,
