Material Name,Fit Type,Low Temp,High Temp,Perc Err,erf param,A,B,C,D,a,b,c,d,e
raw_fit,polylog,0.115,19.700,52.718,-1.000,-2.03845e+00,1.68231e+00,-5.59596e-02,2.74147e-02,0.00e+00,0.00e+00,0.00e+00,0.00e+00,0.00e+00
other_fit,lowTextrapolate,0.010,2.000,??,0.00e+00,0.00e+00,0.00e+00,0.00e+00,0.00e+00,4.00000e+00,1.00000e-02,2.00000e+00,2.70000e-02,1.00000e-02
