Fit_Name,fit_type,Tlow,Thigh,a,b,c,d,e,f,g,h,i
NbTi_data,loglog,0.115,19.7,0.00039498268695196075,-0.005598524828536049,0.0275944973920646,-0.015271853499898397,250.31539584202784,-917.4329921497203,1120.195268922192,-455.5779024190671,9.851866914768827
NbTi_ExcelNIST5a,lowTextrapolate,0.01,2.0,4.0,0.01,2.0,0.027,0.01,,,,
