Fit_Name,fit_type,Tlow,Thigh,a,b,c,d,e,f,g,h,i
NbTi_ExcelNIST5a,lowTextrapolate,0.01,2.0,4.0,0.01,2.0,0.027,0.01,,,,
NbTi_data,loglog,0.115,19.7,0.002259045911518186,-0.010302949463111466,0.01737421923838405,-0.00026276285559410386,2.577477691477235,-6.390602923822824,6.36032014707622,-3.0076871536838174,1.6548331377219108
