Material Name,Fit Type,Low Temp,High Temp,Perc Err,erf param,A,B,C,D,a,b,c,d,e,f,g,h,i
raw_fit,comppoly,0.000,307.000,27.067,5.36000e-01,0.00e+00,-2.38217e+00,4.28343e-01,5.72575e-01,0.00e+00,0.00e+00,0.00e+00,0.00e+00,0.00e+00,0.00e+00,0.00e+00,0.00e+00,0.00e+00
NIST_fit,polylog,4.000,300.000,2.0,0.00e+00,0.00e+00,0.00e+00,0.00e+00,0.00e+00,5.73101e+00,-3.95199e+01,7.99313e+01,-8.38572e+01,5.09157e+01,-1.79835e+01,3.42413e+00,-2.71330e-01,0.00e+00
