Fit_Name,fit_type,Tlow,Thigh,a,b,c,d,e,f,g,h,i
Kapton_NIST,polylog,4.0,300.0,0.0,-0.27133,3.42413,-17.9835,50.9157,-83.8572,79.9313,-39.5199,5.73101
Kapton_data,Nppoly,0.536,307.0,-7.514699717088388e-13,4.358795311053374e-10,-6.224651842757564e-08,-7.46431022341562e-06,0.003364205335535431,,,,
