Fit_Name,fit_type,Tlow,Thigh,a,b,c,d,e,f,g,h,i
Kapton_NIST,polylog,4.0,300.0,0.0,-0.27133,3.42413,-17.9835,50.9157,-83.8572,79.9313,-39.5199,5.73101
Kapton_data,polylog,0.536,307.0,0.04571031611922067,-0.40220737640876425,0.9095801150389825,0.3048706520162183,-2.403395085149163,,,,
