Fit_Name,fit_type,Tlow,Thigh,a,b,c,d,e,f,g,h,i
Corian_data,loglog,0.0583,298.0,-0.03063684225984184,0.038591934265056124,0.0036170653179701555,-5.6773198151305416e-05,-0.04853390414338231,-0.039576067606038864,1.1033577428456116,-1.699427330835639,1.047425368835168
