Fit_Name,fit_type,Tlow,Thigh,a,b,c,d,e,f,g,h,i
Aluminum_6061T6_NIST,polylog,4.0,300.0,0.0,-0.00571,0.04179,-0.09464,0.02803,0.08084,-0.07277,1.0957,0.07918
Aluminum_6061T6_Sauvage,Chebyshev,0.095,20.0,0.23970341,1.88576787,-0.439839595,0.0953687043,0.00205443158,-0.00289908152,-0.000133420775,0.000114453429,-8.72830666e-06
