Material Name,Fit Type,Low Temp,High Temp,Perc Err,erf param,a,b,c,d,A,B,C,D,E
raw_fit,comppoly,0.393,1623.194,4.704,1.16307e+02,6.04956e-02,3.56046e-03,-5.97515e-05,2.72011e-07,-1.24785e+00,2.17727e+00,-7.41366e-01,1.03982e-01,0.00e+00
other_fit,loglog,0.400,1623.000,0.000,5.01187e+01,5.90900e-02,2.99000e-03,-3.83000e-05,0.00e+00,4.81282e+01,-3.33984e+01,8.65271e+00,-7.84620e-01,-6.42213e+01
