Fit_Name,fit_type,Tlow,Thigh,a,b,c,d,e,f,g,h,i
Stainless_Steel_321_data,loglog,0.392950009,1623.193816,-1.1537408958629607e-09,1.4124082404982447e-06,-0.000632972070483878,0.14347815949863943,-4.18852414402241,38.743320324248195,-118.81742545977824,122.26801524339987,584.711148402385
