Fit_Name,fit_type,Tlow,Thigh,a,b,c,d,e,f,g,h,i
Teflon_NIST,polylog,4.0,300.0,0.33829,-4.3135,23.32,-69.556,124.69,-136.99,89.43,-30.677,2.738
Teflon_data,loglog,0.124,297.0,0.0012132239380273232,0.001270188390348959,0.0017216766539583231,5.910877405318336e-05,0.2683552974775933,-1.422792263054871,2.568610270612604,-2.609502231631502,1.071179367295838
