Fit Type,Low Temp,High Temp,Perc Err,erf param,A,B,C,D
polylog,0.061,1173.150,10.516,0.057,-1.41506e+00,1.72407e+00,-4.37855e-01,4.84062e-02
comppoly,0.061,1173.150,10.516,0.057,-1.41506e+00,1.72407e+00,-4.37855e-01,4.84062e-02
