Fit_Name,fit_type,Tlow,Thigh,a,b,c,d,e,f,g,h,i
Aluminum_1100H14_data,loglog,0.09315975656565657,3.090627653030104,135.48113632919592,-50.26154298452661,6.272243583819968,-0.25134206761630007,11.666847756508417,-5.837185734552765,0.8939448481026744,1.2463710821571403,0.4697152584297395
