Fit Type,Low Temp,High Temp,a,b,c,d,e,f
NIST-1,6.000,302.000,-2.65000e+00,1.98664e+00,1.24851e+00,5.70000e-01,-8.00000e+00,7.77857e-01
