Fit Type,Low Temp,High Temp,a,b,c,d,A,B,C,D,erf param
3 order k/T,0.374,1.670,4.50594e-02,-1.66211e-01,2.00471e-01,-4.44485e-03,0.00000e+00,0.00000e+00,0.00000e+00,0.00000e+00,0.00000e+00
3 order loglog,148.150,1273.150,4.81506e-02,-2.21432e-01,6.46708e-01,1.25346e-01,0.00000e+00,0.00000e+00,0.00000e+00,0.00000e+00,0.00000e+00
loglog,0.374,1273.150,4.50594e-02,-1.66211e-01,2.00471e-01,-4.44485e-03,4.81506e-02,-2.21432e-01,6.46708e-01,1.25346e-01,9.12866e+01
