Fit Type,Low Temp,High Temp,Perc Err,erf param,a,b,c,d,A,B,C,D
3 order Nppoly,0.045,114.450,6.153,5.89480e-02,3.84607e-03,-6.66839e-05,3.13158e-07,0.00e+00,0.00e+00,0.00e+00,0.00e+00,0.00e+00
3 order polylog,120.000,1672.000,6.148,-1.56968e+00,2.82413e+00,-1.09799e+00,1.61695e-01,0.00e+00,0.00e+00,0.00e+00,0.00e+00,0.00e+00
comppoly,0.045,1672.000,6.148,1.19471e+02,5.89480e-02,3.84607e-03,-6.66839e-05,3.13158e-07,-1.56968e+00,2.82413e+00,-1.09799e+00,1.61695e-01
