VESPEL SP-1 ROD:,RunyanJones,2008
k (W/m*K),T_bar,k/T
4.17E-04,0.328,785.1308237
5.29E-04,0.351,664.7625894
6.30E-04,0.379,601.4665077
7.05E-04,0.409,580.7751481
8.14E-04,0.443,543.6563787
8.84E-04,0.476,538.2287215
1.04E-03,0.539,515.9841668
1.20E-03,0.604,501.8989406
1.36E-03,0.670,491.7027582
1.68E-03,0.804,479.3062402
2.33E-03,1.087,467.5900298
3.34E-03,1.542,461.8028484
4.87E-03,2.178,447.1908167
6.60E-03,2.883,437.020252
