Material Name,Fit Type,Low Temp,High Temp,Perc Err,a,b,c,d,e,f,g,h,i
NIST_fit,polylog,4.000,300.000,2.0,-1.40870e+00,1.39820e+00,2.54300e-01,-6.26000e-01,2.33400e-01,4.25600e-01,-4.65800e-01,1.65000e-01,-1.99000e-02
