Fit Type,Low Temp,High Temp,Perc Err,erf param,a,b,c,d
Nppoly,0.134,4.842,14.228,0.000,3.99669e-03,5.20942e-03,-2.17074e-03,2.49809e-04
Nppoly,0.134,4.842,14.228,0.000,3.99669e-03,5.20942e-03,-2.17074e-03,2.49809e-04
