Fit_Name,fit_type,Tlow,Thigh,a,b
Stycast_data,powerlaw,0.0609,1.81,0.016116959288720267,1.5589017042453135
