Fit_Name,fit_type,Tlow,Thigh,a,b,c,d,e,f,g,h,i
Stycast_data,loglog,0.0609,1.81,-0.11810465701274567,0.20989541703495032,-0.0902502096236261,0.015565491075208288,1514.1086017702064,-861.0973397216142,150.38263390712513,-8.462261866756133,1.5971834067039201
