Fit_Name,fit_type,Tlow,Thigh,a,b,c,d,e,f,g,h,i
Stainless_Steel_310_NIST,polylog,4.0,300.0,0.0,-0.12395,1.2583,-5.1269,10.853,-13.078,9.1059,-2.1967,-0.81907
Stainless_Steel_310_data,loglog,0.374,1273.15,0.16684155141546878,-0.43437439970965736,0.3851176416047092,-0.04379683496225863,0.129704949520723,-0.873406898185158,2.374213910613129,-1.391512045935428,1.325401666433459
