Fit Type,Low Temp,High Temp,Perc Err,erf param,a,b,c,d
Nppoly,0.000,1.100,36.711,6.37103e-02,-1.60237e-01,3.12028e-01,-1.58255e-01,0.00e+00
polylog,1.000,1.000,0.000,0.00e+00,0.00e+00,0.00e+00,0.00e+00,0.00e+00
Nppoly,0.000,1.100,36.711,0.00e+00,6.37103e-02,-1.60237e-01,3.12028e-01,-1.58255e-01
