The Simons Observatory: A large-diameter truss for a refracting telescope cooled to 1 K,Crowley et al,2022
T,k,koT
2.212547618,0.019706385,0.008906648986751886
2.28090476,0.02140731,0.009385446676870454
2.372047618,0.019266579,0.008122340737933702
2.448,0.026956236,0.011011534313725492
