Material Name,Fit Type,Low Temp,High Temp,Perc Err,a,b,c,d,e,f,g,h,i
NIST_fit,polylog,4.000,296.000,2.0,3.89635e+01,-2.21405e+02,5.97566e+02,-9.00938e+02,8.16405e+02,-4.55083e+02,1.52940e+02,-2.84512e+01,2.25162e+00
