Fit_Name,fit_type,Tlow,Thigh,a,b,c,d,e,f,g,h,i
Aluminum_1100_data,loglog,0.264,1.061,-4.355148575377198,9.862358478401868,9.7799861553013,-3.145860037320634,-2.3184110058081573,-3.4319374958979045,1.57318468364889,1.023279463789367,0.5198321876550539
Aluminum_1100_NIST,polylog,4.0,300.0,1.77019,-22.2781,118.428,-346.152,607.04,-653.666,422.192,-148.573,23.3917
