Fit_Name,fit_type,Tlow,Thigh,a,b,c,d,e,f,g,h,i
Aluminum_1100_NIST,polylog,4.0,300.0,1.77019,-22.2781,118.428,-346.152,607.04,-653.666,422.192,-148.573,23.3917
Aluminum_1100_data,loglog,0.309,1.061,6179.620688119853,-5889.634909729443,1871.211568653069,-197.5136331463418,0.9522899469228442,-2.5633757651539835,1.6154524462800604,1.0223787908263051,0.3052987256151176
